name,serial,type,datawell_name,version,processingSource,sofar_token,utc_offset,timezone,DeployLoc,DeployDepth,DeployLat,DeployLon,UpdateTime,DataType,web_path,archive_path,website_filename,backup_path,datawell_datapath,time_cutoff,search_rad,send_alert_emails,alert_emails,wmo_id,wigos_id,process_aodn,send_aodn
Abbey,SPOT-30199R,sofar,NA,V3,all,dc6f3f68c52e2fa8127488f9ad947d,8,Australia/Perth,Abbey,15,-33.60014,115.24956,1,parameters,E:\auswaves\wawaves,G:\auswaves\wawaves,buoys_wa.csv,\\drive.irds.uwa.edu.au\OGS-COD-001\CUTTLER_wawaves\Data\auswaves_realtime_backup\wawaves,G:\waved,3,190,0,michael.cuttler@uwa.edu.au,,,0,0
Augusta,SPOT-1832,sofar,NA,V3,all,f8f4c8b08d51c3440bfd7042bf40d1,8,Australia/Perth,Augusta,15,-34.3713,115.2023,1,parameters,E:\auswaves\wawaves,G:\auswaves\wawaves,buoys_wa.csv,\\drive.irds.uwa.edu.au\OGS-COD-001\CUTTLER_wawaves\Data\auswaves_realtime_backup\wawaves,G:\waved,3,190,0,michael.cuttler@uwa.edu.au;thiago.caminha@uwa.edu.au;matt.hatcher@uwa.edu.au;carlin.bowyer@uwa.edu.au;carlin.alerts@outlook.com.au,,,0,0
CableBeach,SPOT-32378C,sofar,NA,V3,all,f6c01b0c9712e04c7f5f9bcdb5b694,8,Australia/Perth,CableBeach,19,-17.908067,122.131484,1,parameters,E:\auswaves\wawaves,G:\auswaves\wawaves,buoys_wa.csv,\\drive.irds.uwa.edu.au\OGS-COD-001\CUTTLER_wawaves\Data\auswaves_realtime_backup\wawaves,G:\waved,3,190,1,michael.cuttler@uwa.edu.au;thiago.caminha@uwa.edu.au;matt.hatcher@uwa.edu.au;carlin.bowyer@uwa.edu.au;carlin.alerts@outlook.com.au,5601881,0-22000-0-5601881,1,1
CocosLagoon,SPOT-1724,sofar,NA,smart_mooring,all,a1b3c0dbaa16bb21d5f0befcbcca51,8,Australia/Perth,CocosLagoon,14,-12.14402,96.86583,1,parameters,E:\auswaves\wawaves,G:\auswaves\wawaves,buoys_wa.csv,\\drive.irds.uwa.edu.au\OGS-COD-001\CUTTLER_wawaves\Data\auswaves_realtime_backup\wawaves,G:\waved,3,190,0,michael.cuttler@uwa.edu.au;thiago.caminha@uwa.edu.au;matt.hatcher@uwa.edu.au;carlin.bowyer@uwa.edu.au;carlin.alerts@outlook.com.au,,,1,0
DongaraInshore,SPOT-32306C,sofar,NA,smart_mooring,all,f6c01b0c9712e04c7f5f9bcdb5b694,8,Australia/Perth,DongaraInshore,22,-29.18133,114.8624,1,spectral,E:\auswaves\wawaves,G:\auswaves\wawaves,buoys_wa.csv,\\drive.irds.uwa.edu.au\OGS-COD-001\CUTTLER_wawaves\Data\auswaves_realtime_backup\wawaves,G:\waved,3,190,1,michael.cuttler@uwa.edu.au;thiago.caminha@uwa.edu.au;matt.hatcher@uwa.edu.au;carlin.bowyer@uwa.edu.au;carlin.alerts@outlook.com.au,5601884,0-22000-0-5601884,1,1
DongaraOffshore,SPOT-32367C,sofar,NA,smart_mooring,all,f6c01b0c9712e04c7f5f9bcdb5b694,8,Australia/Perth,DongaraOffshore,22,-29.197717,114.8316,1,spectral,E:\auswaves\wawaves,G:\auswaves\wawaves,buoys_wa.csv,\\drive.irds.uwa.edu.au\OGS-COD-001\CUTTLER_wawaves\Data\auswaves_realtime_backup\wawaves,G:\waved,3,190,1,michael.cuttler@uwa.edu.au;thiago.caminha@uwa.edu.au;matt.hatcher@uwa.edu.au;carlin.bowyer@uwa.edu.au;carlin.alerts@outlook.com.au,5601885,0-22000-0-5601885,1,1
Dunsborough,SPOT-30192R,sofar,NA,V3,all,dc6f3f68c52e2fa8127488f9ad947d,8,Australia/Perth,Dunsborough,12,-33.59128,115.11575,1,parameters,E:\auswaves\wawaves,G:\auswaves\wawaves,buoys_wa.csv,\\drive.irds.uwa.edu.au\OGS-COD-001\CUTTLER_wawaves\Data\auswaves_realtime_backup\wawaves,G:\waved,3,190,0,michael.cuttler@uwa.edu.au,,,0,0
ExmouthGulfNorth,SPOT-31133C,sofar,NA,smart_mooring,all,f6c01b0c9712e04c7f5f9bcdb5b694,8,Australia/Perth,ExmouthGulfNorth,25,-21.80042,114.26677,1,spectral,E:\auswaves\wawaves,G:\auswaves\wawaves,buoys_wa.csv,\\drive.irds.uwa.edu.au\OGS-COD-001\CUTTLER_wawaves\Data\auswaves_realtime_backup\wawaves,G:\waved,3,200,1,michael.cuttler@uwa.edu.au;thiago.caminha@uwa.edu.au;matt.hatcher@uwa.edu.au;carlin.bowyer@uwa.edu.au;carlin.alerts@outlook.com.au,5601879,0-22000-0-5601879,1,1
ExmouthGulfSouth,SPOT-32450C,sofar,NA,smart_mooring,all,f6c01b0c9712e04c7f5f9bcdb5b694,8,Australia/Perth,ExmouthGulfSouth,10,-22.16835,114.3379833,1,parameters,E:\auswaves\wawaves,G:\auswaves\wawaves,buoys_wa.csv,\\drive.irds.uwa.edu.au\OGS-COD-001\CUTTLER_wawaves\Data\auswaves_realtime_backup\wawaves,G:\waved,3,200,1,michael.cuttler@uwa.edu.au;thiago.caminha@uwa.edu.au;matt.hatcher@uwa.edu.au;carlin.bowyer@uwa.edu.au;carlin.alerts@outlook.com.au,5601878,0-22000-0-5601878,1,1
HamelinBayDrift,SPOT-1800,sofar,NA,V2,all,e0eb70b6d9e0b5e00450929139ea34,8,Australia/Perth,HamelinBayDrift,0,0,0,1,parameters,E:\auswaves\wawaves,G:\auswaves\wawaves,buoys_wa.csv,\\drive.irds.uwa.edu.au\OGS-COD-001\CUTTLER_wawaves\Data\auswaves_realtime_backup\wawaves,G:\waved,3,nan,0,michael.cuttler@uwa.edu.au;thiago.caminha@uwa.edu.au;matt.hatcher@uwa.edu.au;carlin.bowyer@uwa.edu.au;carlin.alerts@outlook.com.au,,,0,0
JurienBayInshore,SPOT-32303C,sofar,NA,smart_mooring,all,f6c01b0c9712e04c7f5f9bcdb5b694,8,Australia/Perth,JurienBayInshore,25,-30.314417,114.962033,1,spectral,E:\auswaves\wawaves,G:\auswaves\wawaves,buoys_wa.csv,\\drive.irds.uwa.edu.au\OGS-COD-001\CUTTLER_wawaves\Data\auswaves_realtime_backup\wawaves,G:\waved,3,300,1,michael.cuttler@uwa.edu.au;thiago.caminha@uwa.edu.au;matt.hatcher@uwa.edu.au;carlin.bowyer@uwa.edu.au;carlin.alerts@outlook.com.au,5601882,0-22000-0-5601882,1,1
JurienBayOffshore,SPOT-32304C,sofar,NA,smart_mooring,all,f6c01b0c9712e04c7f5f9bcdb5b694,8,Australia/Perth,JurienBayOffshore,40,-30.31545,114.9225833,1,spectral,E:\auswaves\wawaves,G:\auswaves\wawaves,buoys_wa.csv,\\drive.irds.uwa.edu.au\OGS-COD-001\CUTTLER_wawaves\Data\auswaves_realtime_backup\wawaves,G:\waved,3,300,1,michael.cuttler@uwa.edu.au;thiago.caminha@uwa.edu.au;matt.hatcher@uwa.edu.au;carlin.bowyer@uwa.edu.au;carlin.alerts@outlook.com.au,5601883,0-22000-0-5601883,1,1
OceanBeach,SPOT-31905C,sofar,NA,V3,all,3492dc5f66a8fadca20aeb9c91ab00,8,Australia/Perth,OceanBeach,42,-35.04976,117.36475,1,spectral,E:\auswaves\wawaves,G:\auswaves\wawaves,buoys_wa.csv,\\drive.irds.uwa.edu.au\OGS-COD-001\CUTTLER_wawaves\Data\auswaves_realtime_backup\wawaves,G:\waved,3,190,1,michael.cuttler@uwa.edu.au;thiago.caminha@uwa.edu.au;matt.hatcher@uwa.edu.au;carlin.bowyer@uwa.edu.au;carlin.alerts@outlook.com.au,5601874,0-22000-0-5601874,1,1
QuinnsDogBeach,SPOT-31896C,sofar,NA,V3,all,3492dc5f66a8fadca20aeb9c91ab00,8,Australia/Perth,QuinnsDogBeach,10,-31.65989,115.66463,1,spectral,E:\auswaves\wawaves,G:\auswaves\wawaves,buoys_wa.csv,\\drive.irds.uwa.edu.au\OGS-COD-001\CUTTLER_wawaves\Data\auswaves_realtime_backup\wawaves,G:\waved,3,300,1,michael.cuttler@uwa.edu.au;thiago.caminha@uwa.edu.au;matt.hatcher@uwa.edu.au;carlin.bowyer@uwa.edu.au;carlin.alerts@outlook.com.au,,,0,0
TorbayWest,SPOT-31893C,sofar,NA,V3,all,3492dc5f66a8fadca20aeb9c91ab00,8,Australia/Perth,TorbayWest,32,-35.0689,117.76904,1,spectral,E:\auswaves\wawaves,G:\auswaves\wawaves,buoys_wa.csv,\\drive.irds.uwa.edu.au\OGS-COD-001\CUTTLER_wawaves\Data\auswaves_realtime_backup\wawaves,G:\waved,3,300,1,michael.cuttler@uwa.edu.au;thiago.caminha@uwa.edu.au;matt.hatcher@uwa.edu.au;carlin.bowyer@uwa.edu.au;carlin.alerts@outlook.com.au,5601877,0-22000-0-5601877,1,1
YanchepLagoon,SPOT-31886C,sofar,NA,V3,all,3492dc5f66a8fadca20aeb9c91ab00,8,Australia/Perth,YanchepLagoon,10,-31.5545167,115.6215667,1,spectral,E:\auswaves\wawaves,G:\auswaves\wawaves,buoys_wa.csv,\\drive.irds.uwa.edu.au\OGS-COD-001\CUTTLER_wawaves\Data\auswaves_realtime_backup\wawaves,G:\waved,3,300,1,michael.cuttler@uwa.edu.au;thiago.caminha@uwa.edu.au;matt.hatcher@uwa.edu.au;carlin.bowyer@uwa.edu.au;carlin.alerts@outlook.com.au,,,0,0
TIDE_SouthAfricaDrifting05,SPOT-0168,sofar,NA,V3,all,e0eb70b6d9e0b5e00450929139ea34,8,Australia/Perth,TIDE_SouthAfricaDrifting05,0,0,0,1,parameters,E:\auswaves\wawaves,G:\auswaves\wawaves,buoys_wa.csv,\\drive.irds.uwa.edu.au\OGS-COD-001\CUTTLER_wawaves\Data\auswaves_realtime_backup\wawaves,G:\waved,3,nan,0,michael.cuttler@uwa.edu.au;thiago.caminha@uwa.edu.au;matt.hatcher@uwa.edu.au;carlin.bowyer@uwa.edu.au;carlin.alerts@outlook.com.au,,,0,0
TIDE_SouthAfricaDrifting06,SPOT-1037,sofar,NA,V3,all,e0eb70b6d9e0b5e00450929139ea34,8,Australia/Perth,TIDE_SouthAfricaDrifting06,0,0,0,1,parameters,E:\auswaves\wawaves,G:\auswaves\wawaves,buoys_wa.csv,\\drive.irds.uwa.edu.au\OGS-COD-001\CUTTLER_wawaves\Data\auswaves_realtime_backup\wawaves,G:\waved,3,nan,0,michael.cuttler@uwa.edu.au;thiago.caminha@uwa.edu.au;matt.hatcher@uwa.edu.au;carlin.bowyer@uwa.edu.au;carlin.alerts@outlook.com.au,,,0,0
TIDE_SouthAfricaDrifting08,SPOT-31479C,sofar,NA,V3,all,e0eb70b6d9e0b5e00450929139ea34,8,Australia/Perth,TIDE_SouthAfricaDrifting08,0,0,0,1,parameters,E:\auswaves\wawaves,G:\auswaves\wawaves,buoys_wa.csv,\\drive.irds.uwa.edu.au\OGS-COD-001\CUTTLER_wawaves\Data\auswaves_realtime_backup\wawaves,G:\waved,3,nan,1,michael.cuttler@uwa.edu.au;thiago.caminha@uwa.edu.au;matt.hatcher@uwa.edu.au;carlin.bowyer@uwa.edu.au;carlin.alerts@outlook.com.au,,,0,0
TIDE_SouthAfricaDrifting09,SPOT-31553C,sofar,NA,V3,all,e0eb70b6d9e0b5e00450929139ea34,8,Australia/Perth,TIDE_SouthAfricaDrifting09,0,0,0,1,parameters,E:\auswaves\wawaves,G:\auswaves\wawaves,buoys_wa.csv,\\drive.irds.uwa.edu.au\OGS-COD-001\CUTTLER_wawaves\Data\auswaves_realtime_backup\wawaves,G:\waved,3,nan,1,michael.cuttler@uwa.edu.au;thiago.caminha@uwa.edu.au;matt.hatcher@uwa.edu.au;carlin.bowyer@uwa.edu.au;carlin.alerts@outlook.com.au,,,0,0
TIDE_SouthAfricaDrifting10,SPOT-31392C,sofar,NA,V3,all,e0eb70b6d9e0b5e00450929139ea34,8,Australia/Perth,TIDE_SouthAfricaDrifting10,0,0,0,1,parameters,E:\auswaves\wawaves,G:\auswaves\wawaves,buoys_wa.csv,\\drive.irds.uwa.edu.au\OGS-COD-001\CUTTLER_wawaves\Data\auswaves_realtime_backup\wawaves,G:\waved,3,nan,1,michael.cuttler@uwa.edu.au;thiago.caminha@uwa.edu.au;matt.hatcher@uwa.edu.au;carlin.bowyer@uwa.edu.au;carlin.alerts@outlook.com.au,,,0,0
MtEliza,SPOT-32657C,sofar,NA,V2,all,13b2d6f585d90406e7191f93e30f3e,10,Australia/Melbourne,MtEliza,17,-38.16299,145.05422,1,parameters,E:\auswaves\vicwaves,G:\auswaves\vicwaves,buoys_vic.csv,\\drive.irds.uwa.edu.au\OGS-COD-001\CUTTLER_wawaves\Data\auswaves_realtime_backup\vicwaves,G:\waved,3,300,1,michael.cuttler@uwa.edu.au;thiago.caminha@uwa.edu.au;daniel.ierodiaconou@deakin.edu.au;y.werner@deakin.edu.au,,,1,1
IndentedHead,SPOT-32664C,sofar,NA,V2,all,13b2d6f585d90406e7191f93e30f3e,10,Australia/Melbourne,IndentedHead,15,-38.13485,144.7524,1,parameters,E:\auswaves\vicwaves,G:\auswaves\vicwaves,buoys_vic.csv,\\drive.irds.uwa.edu.au\OGS-COD-001\CUTTLER_wawaves\Data\auswaves_realtime_backup\vicwaves,G:\waved,3,300,0,michael.cuttler@uwa.edu.au;thiago.caminha@uwa.edu.au;daniel.ierodiaconou@deakin.edu.au;y.werner@deakin.edu.au,,,1,1
Werribee,SPOT-1448,sofar,NA,V2,all,13b2d6f585d90406e7191f93e30f3e,10,Australia/Melbourne,Werribee,12,-37.98092,144.77645,1,parameters,E:\auswaves\vicwaves,G:\auswaves\vicwaves,buoys_vic.csv,\\drive.irds.uwa.edu.au\OGS-COD-001\CUTTLER_wawaves\Data\auswaves_realtime_backup\vicwaves,G:\waved,3,300,1,michael.cuttler@uwa.edu.au;thiago.caminha@uwa.edu.au;daniel.ierodiaconou@deakin.edu.au;y.werner@deakin.edu.au,,,1,1
DuttonWay,SPOT-31753C,sofar,NA,V2,all,13b2d6f585d90406e7191f93e30f3e,10,Australia/Melbourne,DuttonWay,18,-38.319933,141.65865,1,parameters,E:\auswaves\vicwaves,G:\auswaves\vicwaves,buoys_vic.csv,\\drive.irds.uwa.edu.au\OGS-COD-001\CUTTLER_wawaves\Data\auswaves_realtime_backup\vicwaves,G:\waved,3,300,1,michael.cuttler@uwa.edu.au;thiago.caminha@uwa.edu.au;daniel.ierodiaconou@deakin.edu.au;y.werner@deakin.edu.au,,,1,1
ApolloBay,SPOT-31129C,sofar,NA,V3,all,3492dc5f66a8fadca20aeb9c91ab00,10,Australia/Melbourne,ApolloBay,30,-38.7547,143.722833,1,spectral,E:\auswaves\vicwaves,G:\auswaves\vicwaves,buoys_vic.csv,\\drive.irds.uwa.edu.au\OGS-COD-001\CUTTLER_wawaves\Data\auswaves_realtime_backup\vicwaves,G:\waved,3,300,1,michael.cuttler@uwa.edu.au;thiago.caminha@uwa.edu.au;daniel.ierodiaconou@deakin.edu.au;y.werner@deakin.edu.au,5501867,0-22000-0-5501867,1,1
CapeBridgewater,SPOT-31941C,sofar,NA,V3,all,3492dc5f66a8fadca20aeb9c91ab00,10,Australia/Melbourne,CapeBridgewater,69,-38.36093,141.27398,1,spectral,E:\auswaves\vicwaves,G:\auswaves\vicwaves,buoys_vic.csv,\\drive.irds.uwa.edu.au\OGS-COD-001\CUTTLER_wawaves\Data\auswaves_realtime_backup\vicwaves,G:\waved,3,320,1,michael.cuttler@uwa.edu.au;thiago.caminha@uwa.edu.au;daniel.ierodiaconou@deakin.edu.au;y.werner@deakin.edu.au,5501868,0-22000-0-5501868,1,1
Central,SPOT-31719C,sofar,NA,V3,all,3492dc5f66a8fadca20aeb9c91ab00,10,Australia/Melbourne,Central,23,-38.06115,144.8674,1,spectral,E:\auswaves\vicwaves,G:\auswaves\vicwaves,buoys_vic.csv,\\drive.irds.uwa.edu.au\OGS-COD-001\CUTTLER_wawaves\Data\auswaves_realtime_backup\vicwaves,G:\waved,3,320,0,michael.cuttler@uwa.edu.au;thiago.caminha@uwa.edu.au;daniel.ierodiaconou@deakin.edu.au;y.werner@deakin.edu.au,5501869,0-22000-0-5501869,1,1
Inverloch,SPOT-31670C,sofar,NA,V3,all,13b2d6f585d90406e7191f93e30f3e,10,Australia/Melbourne,Inverloch,51,-38.76207,145.77436,1,parameters,E:\auswaves\vicwaves,G:\auswaves\vicwaves,buoys_vic.csv,\\drive.irds.uwa.edu.au\OGS-COD-001\CUTTLER_wawaves\Data\auswaves_realtime_backup\vicwaves,G:\waved,3,200,1,michael.cuttler@uwa.edu.au;thiago.caminha@uwa.edu.au;daniel.ierodiaconou@deakin.edu.au;y.werner@deakin.edu.au,,,1,1
PortFairy,SPOT-32751C,sofar,NA,V3,all,13b2d6f585d90406e7191f93e30f3e,10,Australia/Melbourne,PortFairy,28,-38.38228,142.2874,1,parameters,E:\auswaves\vicwaves,G:\auswaves\vicwaves,buoys_vic.csv,\\drive.irds.uwa.edu.au\OGS-COD-001\CUTTLER_wawaves\Data\auswaves_realtime_backup\vicwaves,G:\waved,3,300,1,michael.cuttler@uwa.edu.au;thiago.caminha@uwa.edu.au;daniel.ierodiaconou@deakin.edu.au;y.werner@deakin.edu.au,,,1,1
Sandringham,SPOT-1476,sofar,NA,V3,all,13b2d6f585d90406e7191f93e30f3e,10,Australia/Melbourne,Sandringham,16,-37.97895,144.99722,1,parameters,E:\auswaves\vicwaves,G:\auswaves\vicwaves,buoys_vic.csv,\\drive.irds.uwa.edu.au\OGS-COD-001\CUTTLER_wawaves\Data\auswaves_realtime_backup\vicwaves,G:\waved,3,300,1,michael.cuttler@uwa.edu.au;thiago.caminha@uwa.edu.au;daniel.ierodiaconou@deakin.edu.au;y.werner@deakin.edu.au,,,1,1
GoodrichBankDrift,SPOT-1292,sofar,NA,V2,all,e0eb70b6d9e0b5e00450929139ea34,9.5,Australia/Darwin,GoodrichBankDrift,0,0,0,1,parameters,E:\auswaves\wawaves,G:\auswaves\wawaves,buoys_wa.csv,\\drive.irds.uwa.edu.au\OGS-COD-001\CUTTLER_wawaves\Data\auswaves_realtime_backup\wawaves,G:\waved,3,nan,0,michael.cuttler@uwa.edu.au;thiago.caminha@uwa.edu.au,,,0,0
TIDE_SouthAfricaDrifting11,SPOT-30868C,sofar,NA,V3,all,e0eb70b6d9e0b5e00450929139ea34,8,Australia/Perth,TIDE_SouthAfricaDrifting11,0,0,0,1,parameters,E:\auswaves\wawaves,G:\auswaves\wawaves,buoys_wa.csv,\\drive.irds.uwa.edu.au\OGS-COD-001\CUTTLER_wawaves\Data\auswaves_realtime_backup\wawaves,G:\waved,3,nan,1,michael.cuttler@uwa.edu.au;thiago.caminha@uwa.edu.au,,,0,0
TIDE_SouthAfricaDrifting12,SPOT-31396C,sofar,NA,V3,all,e0eb70b6d9e0b5e00450929139ea34,8,Australia/Perth,TIDE_SouthAfricaDrifting12,0,0,0,1,parameters,E:\auswaves\wawaves,G:\auswaves\wawaves,buoys_wa.csv,\\drive.irds.uwa.edu.au\OGS-COD-001\CUTTLER_wawaves\Data\auswaves_realtime_backup\wawaves,G:\waved,3,nan,1,michael.cuttler@uwa.edu.au;thiago.caminha@uwa.edu.au,,,0,0
TIDE_SouthAfricaDrifting13,SPOT-31570C,sofar,NA,V3,all,e0eb70b6d9e0b5e00450929139ea34,8,Australia/Perth,TIDE_SouthAfricaDrifting13,0,0,0,1,parameters,E:\auswaves\wawaves,G:\auswaves\wawaves,buoys_wa.csv,\\drive.irds.uwa.edu.au\OGS-COD-001\CUTTLER_wawaves\Data\auswaves_realtime_backup\wawaves,G:\waved,3,nan,0,michael.cuttler@uwa.edu.au;thiago.caminha@uwa.edu.au,,,0,0
TIDE_SouthAfricaDrifting14,SPOT-31554C,sofar,NA,V3,all,e0eb70b6d9e0b5e00450929139ea34,8,Australia/Perth,TIDE_SouthAfricaDrifting14,0,0,0,1,parameters,E:\auswaves\wawaves,G:\auswaves\wawaves,buoys_wa.csv,\\drive.irds.uwa.edu.au\OGS-COD-001\CUTTLER_wawaves\Data\auswaves_realtime_backup\wawaves,G:\waved,3,nan,1,michael.cuttler@uwa.edu.au;thiago.caminha@uwa.edu.au,,,0,0
CoralBay02,SPOT-32628C,sofar,NA,V3,all,3492dc5f66a8fadca20aeb9c91ab00,8,Australia/Perth,CoralBay02,30,-23.1554667,113.737082,1,spectral,E:\auswaves\wawaves,G:\auswaves\wawaves,buoys_wa.csv,\\drive.irds.uwa.edu.au\OGS-COD-001\CUTTLER_wawaves\Data\auswaves_realtime_backup\wawaves,G:\waved,3,200,1,michael.cuttler@uwa.edu.au;thiago.caminha@uwa.edu.au;matt.hatcher@uwa.edu.au;carlin.bowyer@uwa.edu.au;carlin.alerts@outlook.com.au,5601875,0-22000-0-5601875,1,1
SharkBay02,SPOT-32626C,sofar,NA,V3,all,3492dc5f66a8fadca20aeb9c91ab00,8,Australia/Perth,SharkBay02,17,-25.4938333,113.0964167,1,spectral,E:\auswaves\wawaves,G:\auswaves\wawaves,buoys_wa.csv,\\drive.irds.uwa.edu.au\OGS-COD-001\CUTTLER_wawaves\Data\auswaves_realtime_backup\wawaves,G:\waved,3,200,1,michael.cuttler@uwa.edu.au;thiago.caminha@uwa.edu.au;matt.hatcher@uwa.edu.au;carlin.bowyer@uwa.edu.au;carlin.alerts@outlook.com.au,5601876,0-22000-0-5601876,1,1
NorthKangarooIsland,SPOT-32385C,sofar,NA,V3,all,3492dc5f66a8fadca20aeb9c91ab00,9.5,Australia/Adelaide,NorthKangarooIsland,30,-35.56957,136.92632,1,spectral,E:\auswaves\sawaves,G:\auswaves\sawaves,buoys_sa.csv,\\drive.irds.uwa.edu.au\OGS-COD-001\CUTTLER_wawaves\Data\auswaves_realtime_backup\sawaves,G:\waved,3,300,1,michael.cuttler@uwa.edu.au;thiago.caminha@uwa.edu.au;Paul.Malthouse@sa.gov.au;graziela.miotdasilva@flinders.edu.au;Mark.Doubell@sa.gov.au,5501870,0-22000-0-5501870,1,1
CygnetBay,SPOT-32379C,sofar,NA,smart_mooring,all,f6c01b0c9712e04c7f5f9bcdb5b694,8,Australia/Perth,CygnetBay,19,-16.5007167,123.0349833,1,parameters,E:\auswaves\wawaves,G:\auswaves\wawaves,buoys_wa.csv,\\drive.irds.uwa.edu.au\OGS-COD-001\CUTTLER_wawaves\Data\auswaves_realtime_backup\wawaves,G:\waved,3,190,1,michael.cuttler@uwa.edu.au;thiago.caminha@uwa.edu.au;matt.hatcher@uwa.edu.au;carlin.bowyer@uwa.edu.au;carlin.alerts@outlook.com.au,5601880,0-22000-0-5601880,1,1
WilsonsPromDrift,SPOT-31910C,sofar,NA,V3,all,13b2d6f585d90406e7191f93e30f3e,10,Australia/Melbourne,WilsonsPromDrift,78,-39.5432833,146.46475,1,parameters,E:\auswaves\vicwaves,G:\auswaves\vicwaves,buoys_vic.csv,\\drive.irds.uwa.edu.au\OGS-COD-001\CUTTLER_wawaves\Data\auswaves_realtime_backup\vicwaves,G:\waved,0,0,0,michael.cuttler@uwa.edu.au;thiago.caminha@uwa.edu.au;daniel.ierodiaconou@deakin.edu.au;y.werner@deakin.edu.au,,,0,0
Hillarys,SPOT-32386C,sofar,NA,V3,all,3492dc5f66a8fadca20aeb9c91ab00,8,Australia/Perth,Hillarys,32,-31.8511157,115.6463145,1,spectral,E:\auswaves\wawaves,G:\auswaves\wawaves,buoys_wa.csv,\\drive.irds.uwa.edu.au\OGS-COD-001\CUTTLER_wawaves\Data\auswaves_realtime_backup\wawaves,G:\waved,3,190,1,michael.cuttler@uwa.edu.au;thiago.caminha@uwa.edu.au;matt.hatcher@uwa.edu.au;carlin.bowyer@uwa.edu.au;carlin.alerts@outlook.com.au,5601873,0-22000-0-5601873,1,1
CollaroyNarrabeen,SPOT-32388C,sofar,NA,V3,all,3492dc5f66a8fadca20aeb9c91ab00,10,Australia/Sydney,CollaroyNarrabeen,12,-33.72683,151.30672,1,spectral,E:\auswaves\nswwaves,G:\auswaves\nswwaves,buoys_nsw.csv,\\drive.irds.uwa.edu.au\OGS-COD-001\CUTTLER_wawaves\Data\auswaves_realtime_backup\nswwaves,G:\waved,3,100,1,michael.cuttler@uwa.edu.au;thiago.caminha@uwa.edu.au;thomas.doyle@environment.nsw.gov.au;bradley.morris@environment.nsw.gov.au,5501871,0-22000-0-5501871,1,1
Tathra,SPOT-32629C,sofar,NA,V3,all,3492dc5f66a8fadca20aeb9c91ab00,10,Australia/Sydney,Tathra,30,-36.70872,150.00104,1,spectral,E:\auswaves\nswwaves,G:\auswaves\nswwaves,buoys_nsw.csv,\\drive.irds.uwa.edu.au\OGS-COD-001\CUTTLER_wawaves\Data\auswaves_realtime_backup\nswwaves,G:\waved,3,200,1,michael.cuttler@uwa.edu.au;thiago.caminha@uwa.edu.au;thomas.doyle@environment.nsw.gov.au;bradley.morris@environment.nsw.gov.au,5501872,0-22000-0-5501872,1,1
NorthHaven,SPOT-31916C,sofar,NA,V3,all,7d61dd647e6ef7724ee8f94a445201,9.5,Australia/Adelaide,NorthHave,7,-34.79798,138.48108,1,parameters,E:\auswaves\sawaves,G:\auswaves\sawaves,buoys_sa.csv,\\drive.irds.uwa.edu.au\OGS-COD-001\CUTTLER_wawaves\Data\auswaves_realtime_backup\sawaves,G:\waved,3,190,1,michael.cuttler@uwa.edu.au;thiago.caminha@uwa.edu.au;Paul.Malthouse@sa.gov.au;graziela.miotdasilva@flinders.edu.au;Mark.Doubell@sa.gov.au,,,1,1
WestBeach,SPOT-31889C,sofar,NA,V3,all,7d61dd647e6ef7724ee8f94a445201,9.5,Australia/Adelaide,WestBeach,7,-34.953,138.489,1,parameters,E:\auswaves\sawaves,G:\auswaves\sawaves,buoys_sa.csv,\\drive.irds.uwa.edu.au\OGS-COD-001\CUTTLER_wawaves\Data\auswaves_realtime_backup\sawaves,G:\waved,3,190,1,michael.cuttler@uwa.edu.au;thiago.caminha@uwa.edu.au;Paul.Malthouse@sa.gov.au;graziela.miotdasilva@flinders.edu.au;Mark.Doubell@sa.gov.au,,,1,1
Semaphore,SPOT-31913C,sofar,NA,V3,all,7d61dd647e6ef7724ee8f94a445201,9.5,Australia/Adelaide,Semaphore,7,-34.8529,138.35175,1,parameters,E:\auswaves\sawaves,G:\auswaves\sawaves,buoys_sa.csv,\\drive.irds.uwa.edu.au\OGS-COD-001\CUTTLER_wawaves\Data\auswaves_realtime_backup\sawaves,G:\waved,3,190,0,michael.cuttler@uwa.edu.au;thiago.caminha@uwa.edu.au;Paul.Malthouse@sa.gov.au;graziela.miotdasilva@flinders.edu.au;Mark.Doubell@sa.gov.au,,,1,1
Brighton,SPOT-31877C,sofar,NA,V3,all,3492dc5f66a8fadca20aeb9c91ab00,9.5,Australia/Adelaide,Brighton,20,-35.0277093,138.450876,1,spectral,E:\auswaves\sawaves,G:\auswaves\sawaves,buoys_sa.csv,\\drive.irds.uwa.edu.au\OGS-COD-001\CUTTLER_wawaves\Data\auswaves_realtime_backup\sawaves,G:\waved,3,350,1,michael.cuttler@uwa.edu.au;thiago.caminha@uwa.edu.au;Paul.Malthouse@sa.gov.au;graziela.miotdasilva@flinders.edu.au;Mark.Doubell@sa.gov.au,5501881,0-22000-0-5501881,1,1
Robe,SPOT-32380C,sofar,NA,V3,all,3492dc5f66a8fadca20aeb9c91ab00,9.5,Australia/Adelaide,Robe,0,-37.14965,139.6659667,1,spectral,E:\auswaves\sawaves,G:\auswaves\sawaves,buoys_sa.csv,\\drive.irds.uwa.edu.au\OGS-COD-001\CUTTLER_wawaves\Data\auswaves_realtime_backup\sawaves,G:\waved,3,300,1,michael.cuttler@uwa.edu.au;thiago.caminha@uwa.edu.au;Paul.Malthouse@sa.gov.au;graziela.miotdasilva@flinders.edu.au;Mark.Doubell@sa.gov.au,5501873,0-22000-0-5501873,1,1
RobeGuichenBay,SPOT-30852C,sofar,NA,V3,all,6b165270346e0361c3447871ab60f6,9.5,Australia/Adelaide,RobeGuichenBay,10,-37.14835,139.77007,1,spectral,E:\auswaves\sawaves,G:\auswaves\sawaves,buoys_sa.csv,\\drive.irds.uwa.edu.au\OGS-COD-001\CUTTLER_wawaves\Data\auswaves_realtime_backup\sawaves,G:\waved,3,300,0,michael.cuttler@uwa.edu.au;thiago.caminha@uwa.edu.au;Paul.Malthouse@sa.gov.au;graziela.miotdasilva@flinders.edu.au;Mark.Doubell@sa.gov.au,,,1,1
Wooli,SPOT-32317C,sofar,NA,V3,all,3492dc5f66a8fadca20aeb9c91ab00,10,Australia/Sydney,Wooli,30,-29.85775,153.31365,1,spectral,E:\auswaves\nswwaves,G:\auswaves\nswwaves,buoys_nsw.csv,\\drive.irds.uwa.edu.au\OGS-COD-001\CUTTLER_wawaves\Data\auswaves_realtime_backup\nswwaves,G:\waved,3,200,1,michael.cuttler@uwa.edu.au;thiago.caminha@uwa.edu.au;thomas.doyle@environment.nsw.gov.au;bradley.morris@environment.nsw.gov.au,5501874,0-22000-0-5501874,1,1
SpilsbySouth,SPOT-31879C,sofar,NA,V3,all,7d61dd647e6ef7724ee8f94a445201,9.5,Australia/Adelaide,SpilsbySouth,45,-34.81,136.43,1,parameters,E:\auswaves\sawaves,G:\auswaves\sawaves,buoys_sa.csv,\\drive.irds.uwa.edu.au\OGS-COD-001\CUTTLER_wawaves\Data\auswaves_realtime_backup\sawaves,G:\waved,3,600,1,michael.cuttler@uwa.edu.au;thiago.caminha@uwa.edu.au;Paul.Malthouse@sa.gov.au;graziela.miotdasilva@flinders.edu.au;Mark.Doubell@sa.gov.au,,,1,1
Tantabiddi,SPOT-32301C,sofar,NA,V3,all,3492dc5f66a8fadca20aeb9c91ab00,8,Australia/Perth,Tantabiddi,45,-21.894855,113.9292523,1,spectral,E:\auswaves\wawaves,G:\auswaves\wawaves,buoys_wa.csv,\\drive.irds.uwa.edu.au\OGS-COD-001\CUTTLER_wawaves\Data\auswaves_realtime_backup\wawaves,G:\waved,3,300,1,michael.cuttler@uwa.edu.au;thiago.caminha@uwa.edu.au;matt.hatcher@uwa.edu.au;carlin.bowyer@uwa.edu.au;carlin.alerts@outlook.com.au,,,1,1
Bob,SPOT-31947C,sofar,NA,half_smart_mooring,all,3492dc5f66a8fadca20aeb9c91ab00,10,Australia/Melbourne,Bob,80,-38.64305,142.31093,1,spectral,E:\auswaves\vicwaves,G:\auswaves\vicwaves,buoys_vic.csv,\\drive.irds.uwa.edu.au\OGS-COD-001\CUTTLER_wawaves\Data\auswaves_realtime_backup\vicwaves,G:\waved,3,300,1,michael.cuttler@uwa.edu.au;thiago.caminha@uwa.edu.au;daniel.ierodiaconou@deakin.edu.au;y.werner@deakin.edu.au,5501875,0-22000-0-5501875,1,1
Bengello,SPOT-32377C,sofar,NA,V3,all,3492dc5f66a8fadca20aeb9c91ab00,10,Australia/Sydney,Bengello,13,-35.8797,150.16089,1,spectral,E:\auswaves\nswwaves,G:\auswaves\nswwaves,buoys_nsw.csv,\\drive.irds.uwa.edu.au\OGS-COD-001\CUTTLER_wawaves\Data\auswaves_realtime_backup\nswwaves,G:\waved,3,200,1,michael.cuttler@uwa.edu.au;thiago.caminha@uwa.edu.au;thomas.doyle@environment.nsw.gov.au;bradley.morris@environment.nsw.gov.au,5501876,0-22000-0-5501876,1,1
Ceduna,SPOT-31819C,sofar,NA,V3,all,3492dc5f66a8fadca20aeb9c91ab00,9.5,Australia/Adelaide,Ceduna,20,-32.3496463,133.6503507,1,spectral,E:\auswaves\sawaves,G:\auswaves\sawaves,buoys_sa.csv,\\drive.irds.uwa.edu.au\OGS-COD-001\CUTTLER_wawaves\Data\auswaves_realtime_backup\sawaves,G:\waved,3,190,0,michael.cuttler@uwa.edu.au;thiago.caminha@uwa.edu.au;Paul.Malthouse@sa.gov.au;graziela.miotdasilva@flinders.edu.au;Mark.Doubell@sa.gov.au;andrew.hutchison@sa.gov.au,5501877,0-22000-0-5501877,0,0
VictorHarborInshore,SPOT-31919C ,sofar,NA,V3,all,6b165270346e0361c3447871ab60f6,9.5,Australia/Adelaide,VictorHarborInshore,15,-35.58096,138.61888,1,spectral,E:\auswaves\sawaves,G:\auswaves\sawaves,buoys_sa.csv,\\drive.irds.uwa.edu.au\OGS-COD-001\CUTTLER_wawaves\Data\auswaves_realtime_backup\sawaves,G:\waved,3,200,0,michael.cuttler@uwa.edu.au;thiago.caminha@uwa.edu.au;Paul.Malthouse@sa.gov.au;graziela.miotdasilva@flinders.edu.au;Mark.Doubell@sa.gov.au,,,0,0
VictorHarborOffshore,SPOT-30849C,sofar,NA,V3,all,6b165270346e0361c3447871ab60f6,9.5,Australia/Adelaide,VictorHarborOffshore,15,-35.60699,138.63577,1,spectral,E:\auswaves\sawaves,G:\auswaves\sawaves,buoys_sa.csv,\\drive.irds.uwa.edu.au\OGS-COD-001\CUTTLER_wawaves\Data\auswaves_realtime_backup\sawaves,G:\waved,3,300,0,michael.cuttler@uwa.edu.au;thiago.caminha@uwa.edu.au;Paul.Malthouse@sa.gov.au;graziela.miotdasilva@flinders.edu.au;Mark.Doubell@sa.gov.au,,,1,1
WilsonsProm,SPOT-31910C,sofar,NA,V3,all,3492dc5f66a8fadca20aeb9c91ab00,10,Australia/Melbourne,WilsonsProm,78,-39.5432833,146.46475,1,spectral,E:\auswaves\vicwaves,G:\auswaves\vicwaves,buoys_vic.csv,\\drive.irds.uwa.edu.au\OGS-COD-001\CUTTLER_wawaves\Data\auswaves_realtime_backup\vicwaves,G:\waved,3,300,1,michael.cuttler@uwa.edu.au;thiago.caminha@uwa.edu.au;daniel.ierodiaconou@deakin.edu.au;y.werner@deakin.edu.au,5501883,0-22000-0-5501883,1,1
StormBay,SPOT-32373C,sofar,NA,V3,all,3492dc5f66a8fadca20aeb9c91ab00,10,Australia/Hobart,StormBay,40,-43.2113,147.4549667,1,spectral,E:\auswaves\taswaves,G:\auswaves\taswaves,buoys_tas.csv,\\drive.irds.uwa.edu.au\OGS-COD-001\CUTTLER_wawaves\Data\auswaves_realtime_backup\taswaves,G:\waved,3,300,1,michael.cuttler@uwa.edu.au;thiago.caminha@uwa.edu.au;matt@salmontas.au;jpenney@huonaqua.com.au,5501882,0-22000-0-5501882,1,1
Floreat,SPOT-32369C,sofar,NA,V3,all,3492dc5f66a8fadca20aeb9c91ab00,8,Australia/Perth,Floreat,20,-31.9284523,115.6816028,1,spectral,E:\auswaves\wawaves,G:\auswaves\wawaves,buoys_wa.csv,\\drive.irds.uwa.edu.au\OGS-COD-001\CUTTLER_wawaves\Data\auswaves_realtime_backup\wawaves,G:\waved,3,300,0,michael.cuttler@uwa.edu.au;thiago.caminha@uwa.edu.au;matt.hatcher@uwa.edu.au;carlin.bowyer@uwa.edu.au;carlin.alerts@outlook.com.au,5601886,0-22000-0-5601886,0,0
Floreat_SM_CurrentMeter,SPOT-32450C,sofar,NA,smart_mooring,all,3492dc5f66a8fadca20aeb9c91ab00,8,Australia/Perth,Floreat_SM_CurrentMeter,20,-31.9266477,115.6813312,1,spectral,E:\auswaves\wawaves,G:\auswaves\wawaves,buoys_wa.csv,\\drive.irds.uwa.edu.au\OGS-COD-001\CUTTLER_wawaves\Data\auswaves_realtime_backup\wawaves,G:\waved,3,200,0,michael.cuttler@uwa.edu.au;thiago.caminha@uwa.edu.au;matt.hatcher@uwa.edu.au;carlin.bowyer@uwa.edu.au;carlin.alerts@outlook.com.au,,,0,0
CocosIslandNorthEntrance,SPOT-31804C,sofar,NA,V3,all,4ba0a69c7efee7f81846d94ecb1a6b,8,Australia/Perth,CocosIslandNorthEntrance,10,-12.088217,96.857617,1,parameters,E:\auswaves\wawaves,G:\auswaves\wawaves,buoys_wa.csv,\\drive.irds.uwa.edu.au\OGS-COD-001\CUTTLER_wawaves\Data\auswaves_realtime_backup\wawaves,G:\waved,3,200,0,michael.cuttler@uwa.edu.au;thiago.caminha@uwa.edu.au;emin.atalay@oldendorff.com,,,1,0
MiddletonBeach,SPOT-32639C,sofar,NA,half_smart_mooring,all,e0eb70b6d9e0b5e00450929139ea34,8,Australia/Perth,MiddletonBeach,9,-35.01683,117.92999,1,spectral,E:\auswaves\wawaves,G:\auswaves\wawaves,buoys_wa.csv,\\drive.irds.uwa.edu.au\OGS-COD-001\CUTTLER_wawaves\Data\auswaves_realtime_backup\wawaves,G:\waved,3,200,1,michael.cuttler@uwa.edu.au;thiago.caminha@uwa.edu.au;matt.hatcher@uwa.edu.au;carlin.bowyer@uwa.edu.au;carlin.alerts@outlook.com.au,,,1,0
BlackPoint,SPOT-31887C,sofar,NA,V3,all,7d61dd647e6ef7724ee8f94a445201,9.5,Australia/Adelaide,BlackPoint,18,-34.68,138,1,parameters,E:\auswaves\sawaves,G:\auswaves\sawaves,buoys_sa.csv,\\drive.irds.uwa.edu.au\OGS-COD-001\CUTTLER_wawaves\Data\auswaves_realtime_backup\sawaves,G:\waved,3,300,1,michael.cuttler@uwa.edu.au;thiago.caminha@uwa.edu.au;Paul.Malthouse@sa.gov.au;graziela.miotdasilva@flinders.edu.au;Mark.Doubell@sa.gov.au,,,1,1
FentonPatches,SPOT-31878C,sofar,NA,V3,all,3492dc5f66a8fadca20aeb9c91ab00,9.5,Australia/Darwin,FentonPatches,23,-12.17057,130.73473,1,spectral,E:\auswaves\ntwaves,G:\auswaves\ntwaves,buoys_nt.csv,\\drive.irds.uwa.edu.au\OGS-COD-001\CUTTLER_wawaves\Data\auswaves_realtime_backup\ntwaves,G:\waved,3,300,1,michael.cuttler@uwa.edu.au;thiago.caminha@uwa.edu.au,5202531,0-22000-0-5202531,1,1
MissionBeach,SPOT-32360C,sofar,NA,V3,all,3492dc5f66a8fadca20aeb9c91ab00,10,Australia/Brisbane,MissionBeach,20,-17.97372,146.19418,1,spectral,E:\auswaves\qldwaves,G:\auswaves\qldwaves,buoys_qld.csv,\\drive.irds.uwa.edu.au\OGS-COD-001\CUTTLER_wawaves\Data\auswaves_realtime_backup\qldwaves,G:\waved,3,300,1,michael.cuttler@uwa.edu.au;thiago.caminha@uwa.edu.au,5501880,0-22000-0-5501880,1,1
Hillarys_WhaleSafe,SPOT-32309C,sofar,NA,V3,all,3492dc5f66a8fadca20aeb9c91ab00,8,Australia/Perth,Hillarys_WhaleSafe,32,-31.8478,115.6465333,1,spectral,E:\auswaves\wawaves,G:\auswaves\wawaves,buoys_wa.csv,\\drive.irds.uwa.edu.au\OGS-COD-001\CUTTLER_wawaves\Data\auswaves_realtime_backup\wawaves,G:\waved,3,300,1,michael.cuttler@uwa.edu.au;thiago.caminha@uwa.edu.au;matt.hatcher@uwa.edu.au;carlin.bowyer@uwa.edu.au;carlin.alerts@outlook.com.au,,,0,0
Rosebud02,SPOT-1476,sofar,NA,V3,all,13b2d6f585d90406e7191f93e30f3e,10,Australia/Melbourne,Rosebud02,16,-38.302091,144.872422,1,parameters,E:\auswaves\vicwaves,G:\auswaves\vicwaves,buoys_vic.csv,\\drive.irds.uwa.edu.au\OGS-COD-001\CUTTLER_wawaves\Data\auswaves_realtime_backup\vicwaves,G:\waved,3,500,0,michael.cuttler@uwa.edu.au;thiago.caminha@uwa.edu.au;daniel.ierodiaconou@deakin.edu.au;y.werner@deakin.edu.au,,,1,0
ShelleyBeach,SPOT-32601C,sofar,NA,V3,all,8fe45a82a71fb47c7ba836606eed3e,10,Australia/Melbourne,ShelleyBeach,11.6,-38.320194,144.7324169,1,parameters,E:\auswaves\vicwaves,G:\auswaves\vicwaves,buoys_vic.csv,\\drive.irds.uwa.edu.au\OGS-COD-001\CUTTLER_wawaves\Data\auswaves_realtime_backup\vicwaves,G:\waved,3,300,1,michael.cuttler@uwa.edu.au;thiago.caminha@uwa.edu.au;daniel.ierodiaconou@deakin.edu.au;y.werner@deakin.edu.au,,,0,0
WeeroonaBay,SPOT-32599C,sofar,NA,V3,all,8fe45a82a71fb47c7ba836606eed3e,10,Australia/Melbourne,WeeroonaBay,9.6,-38.3159299,144.7122259,1,parameters,E:\auswaves\vicwaves,G:\auswaves\vicwaves,buoys_vic.csv,\\drive.irds.uwa.edu.au\OGS-COD-001\CUTTLER_wawaves\Data\auswaves_realtime_backup\vicwaves,G:\waved,3,300,0,michael.cuttler@uwa.edu.au;thiago.caminha@uwa.edu.au;daniel.ierodiaconou@deakin.edu.au;y.werner@deakin.edu.au,,,0,0
TiconderogaBay,SPOT-32600C,sofar,NA,V3,all,8fe45a82a71fb47c7ba836606eed3e,10,Australia/Melbourne,TiconderogaBay,14.5,-38.3094889,144.6918729,1,parameters,E:\auswaves\vicwaves,G:\auswaves\vicwaves,buoys_vic.csv,\\drive.irds.uwa.edu.au\OGS-COD-001\CUTTLER_wawaves\Data\auswaves_realtime_backup\vicwaves,G:\waved,3,300,1,michael.cuttler@uwa.edu.au;thiago.caminha@uwa.edu.au;daniel.ierodiaconou@deakin.edu.au;y.werner@deakin.edu.au,,,0,0
Maningrida,SPOT-32298C,sofar,NA,V3,all,3492dc5f66a8fadca20aeb9c91ab00,9.5,Australia/Darwin,Maningrida,12,-11.95584,134.30876,1,spectral,E:\auswaves\ntwaves,G:\auswaves\ntwaves,buoys_nt.csv,\\drive.irds.uwa.edu.au\OGS-COD-001\CUTTLER_wawaves\Data\auswaves_realtime_backup\ntwaves,G:\waved,3,300,1,michael.cuttler@uwa.edu.au;thiago.caminha@uwa.edu.au,5202532,0-22000-0-5202532,1,1
DampierFAD41,SPOT-31397C,sofar,NA,V3,all,3492dc5f66a8fadca20aeb9c91ab00,8,Australia/Perth,DampierFAD41,40,-20.3414167,116.2541667,1,parameters,E:\auswaves\wawaves,G:\auswaves\wawaves,buoys_wa.csv,\\drive.irds.uwa.edu.au\OGS-COD-001\CUTTLER_wawaves\Data\auswaves_realtime_backup\wawaves,G:\waved,3,300,1,michael.cuttler@uwa.edu.au;thiago.caminha@uwa.edu.au;matt.hatcher@uwa.edu.au;carlin.bowyer@uwa.edu.au;carlin.alerts@outlook.com.au,,,0,0
KarumbaDrift,SPOT-32364C,sofar,NA,V3,all,3492dc5f66a8fadca20aeb9c91ab00,10,Australia/Brisbane,Karumba,9,0,0,1,spectral,E:\auswaves\qldwaves,G:\auswaves\qldwaves,buoys_qld.csv,\\drive.irds.uwa.edu.au\OGS-COD-001\CUTTLER_wawaves\Data\auswaves_realtime_backup\qldwaves,G:\waved,3,300,0,michael.cuttler@uwa.edu.au;thiago.caminha@uwa.edu.au,5501879,0-22000-0-5501879,0,0
RosebudSM,SPOT-32392C,sofar,NA,smart_mooring,all,13b2d6f585d90406e7191f93e30f3e,10,Australia/Melbourne,RosebudSM,18,-38.30109,144.87362,1,parameters,E:\auswaves\vicwaves,G:\auswaves\vicwaves,buoys_vic.csv,\\drive.irds.uwa.edu.au\OGS-COD-001\CUTTLER_wawaves\Data\auswaves_realtime_backup\vicwaves,G:\waved,3,300,0,michael.cuttler@uwa.edu.au;thiago.caminha@uwa.edu.au;daniel.ierodiaconou@deakin.edu.au;y.werner@deakin.edu.au,,,0,0
CapeJervis,SPOT-32523C,sofar,NA,V3,all,5927a5969f8565d0a5c2b58642e291,9.5,Australia/Adelaide,Cape Jervis,20,-35.60838,138.08615,1,parameters,E:\auswaves\sawaves,G:\auswaves\sawaves,buoys_sa.csv,\\drive.irds.uwa.edu.au\OGS-COD-001\CUTTLER_wawaves\Data\auswaves_realtime_backup\sawaves,G:\waved,3,300,1,michael.cuttler@uwa.edu.au;thiago.caminha@uwa.edu.au;greg.pearce@fphgroup.com.au,,,0,0
Rosebud,SPOT-31674C,sofar,NA,V3,all,13b2d6f585d90406e7191f93e30f3e,10,Australia/Melbourne,Rosebud,16,-38.30075,144.87275,1,parameters,E:\auswaves\vicwaves,G:\auswaves\vicwaves,buoys_vic.csv,\\drive.irds.uwa.edu.au\OGS-COD-001\CUTTLER_wawaves\Data\auswaves_realtime_backup\vicwaves,G:\waved,3,500,1,michael.cuttler@uwa.edu.au;thiago.caminha@uwa.edu.au;daniel.ierodiaconou@deakin.edu.au;y.werner@deakin.edu.au,,,1,1
Torbay,Datawell-74089,datawell,Dev_site,DWR4,all,nan,8,Australia/Perth,Torbay,32,-35.07116,117.77482,1,spectral,E:\auswaves\wawaves,G:\auswaves\wawaves,buoys_wa.csv,\\drive.irds.uwa.edu.au\OGS-COD-001\CUTTLER_wawaves\Data\auswaves_realtime_backup\wawaves,G:\waved,3,190,1,michael.cuttler@uwa.edu.au;thiago.caminha@uwa.edu.au;matt.hatcher@uwa.edu.au;carlin.bowyer@uwa.edu.au;carlin.alerts@outlook.com.au,,,0,0
BusseltonJetty03,SPOT-32799C,sofar,NA,smart_mooring,all,0e96988c03ddabea4601c3583b8af3,8,Australia/Perth,Busselton Jetty,8,-33.630217,115.338883,1,spectral,E:\auswaves\wawaves,G:\auswaves\wawaves,buoys_wa.csv,\\drive.irds.uwa.edu.au\OGS-COD-001\CUTTLER_wawaves\Data\auswaves_realtime_backup\wawaves,G:\waved,3,190,1,michael.cuttler@uwa.edu.au;thiago.caminha@uwa.edu.au;matt.hatcher@uwa.edu.au;carlin.bowyer@uwa.edu.au;carlin.alerts@outlook.com.au,,,0,0
WaratahBay,SPOT-1629,sofar,NA,V2,all,13b2d6f585d90406e7191f93e30f3e,10,Australia/Melbourne,,10,-38.85253,146.00845,1,spectral,E:\auswaves\vicwaves,G:\auswaves\vicwaves,buoys_vic.csv,\\drive.irds.uwa.edu.au\OGS-COD-001\CUTTLER_wawaves\Data\auswaves_realtime_backup\vicwaves,G:\waved,3,300,0,michael.cuttler@uwa.edu.au;thiago.caminha@uwa.edu.au;daniel.ierodiaconou@deakin.edu.au;y.werner@deakin.edu.au,,,0,0
CockburnSound,SPOT-32363C,sofar,NA,V3,all,3492dc5f66a8fadca20aeb9c91ab00,8,Australia/Perth,Cockburn Sound,19.5,-32.1413167,115.6899,1,spectral,E:\auswaves\wawaves,G:\auswaves\wawaves,buoys_wa.csv,\\drive.irds.uwa.edu.au\OGS-COD-001\CUTTLER_wawaves\Data\auswaves_realtime_backup\wawaves,G:\waved,3,300,1,michael.cuttler@uwa.edu.au;thiago.caminha@uwa.edu.au;matt.hatcher@uwa.edu.au;carlin.bowyer@uwa.edu.au;carlin.alerts@outlook.com.au,,,1,1
TwoRocksMarina,SPOT-31914C,sofar,NA,V3,all,3492dc5f66a8fadca20aeb9c91ab00,8,Australia/Perth,Two Rocks Marina,10,-31.49774,115.57426,1,spectral,E:\auswaves\wawaves,G:\auswaves\wawaves,buoys_wa.csv,\\drive.irds.uwa.edu.au\OGS-COD-001\CUTTLER_wawaves\Data\auswaves_realtime_backup\wawaves,G:\waved,3,300,1,michael.cuttler@uwa.edu.au;thiago.caminha@uwa.edu.au;matt.hatcher@uwa.edu.au;carlin.bowyer@uwa.edu.au;carlin.alerts@outlook.com.au,,,0,0
GoodrichBank,SPOT-32991C,sofar,NA,V3,all,3492dc5f66a8fadca20aeb9c91ab00,9.5,Australia/Darwin,Goodrich Bank,95,-10.3189,129.95178,1,spectral,E:\auswaves\ntwaves,G:\auswaves\ntwaves,buoys_nt.csv,\\drive.irds.uwa.edu.au\OGS-COD-001\CUTTLER_wawaves\Data\auswaves_realtime_backup\ntwaves,G:\waved,3,300,1,michael.cuttler@uwa.edu.au;thiago.caminha@uwa.edu.au,,,1,1
Crowdy,SPOT-31884C,sofar,NA,V3,all,3492dc5f66a8fadca20aeb9c91ab00,10,Australia/Sydney,Crowdy,13,-31.849,152.7557833,1,parameters,E:\auswaves\nswwaves,G:\auswaves\nswwaves,buoys_nsw.csv,\\drive.irds.uwa.edu.au\OGS-COD-001\CUTTLER_wawaves\Data\auswaves_realtime_backup\nswwaves,G:\waved,3,100,1,michael.cuttler@uwa.edu.au;thiago.caminha@uwa.edu.au;thomas.doyle@environment.nsw.gov.au;bradley.morris@environment.nsw.gov.au,,,0,0
ExmouthGulfSouthECM,691fc2c9a04ef5f7f7d90406,ecm,NA,,,z1d0EdfAbybH185X9UkwUePxIM8sI04a6W4TLsWV,8,Australia/Perth,Exmouth Gulf South ECM,,-22.167248,114.337044,1,parameters,E:\auswaves\wawaves,G:\auswaves\wawaves,buoys_wa.csv,\\drive.irds.uwa.edu.au\OGS-COD-001\CUTTLER_wawaves\Data\auswaves_realtime_backup\wawaves,G:\waved,3,100,0,michael.cuttler@uwa.edu.au;thiago.caminha@uwa.edu.au;matt.hatcher@uwa.edu.au;carlin.bowyer@uwa.edu.au;carlin.alerts@outlook.com.au,,,0,0
ExmouthGulfNorthECM,691fc2d3a04ef5f7f7d90683,ecm,NA,,,z1d0EdfAbybH185X9UkwUePxIM8sI04a6W4TLsWV,8,Australia/Perth,Exmouth Gulf North ECM,,-21.802441,114.263832,1,parameters,E:\auswaves\wawaves,G:\auswaves\wawaves,buoys_wa.csv,\\drive.irds.uwa.edu.au\OGS-COD-001\CUTTLER_wawaves\Data\auswaves_realtime_backup\wawaves,G:\waved,3,100,0,michael.cuttler@uwa.edu.au;thiago.caminha@uwa.edu.au;matt.hatcher@uwa.edu.au;carlin.bowyer@uwa.edu.au;carlin.alerts@outlook.com.au,,,0,0
